Date,Open,High,Low,Close,Adj Close,Volume
11/9/2017,0.217911,0.221791,0.214866,0.217488,0.217488,147916992
11/10/2017,0.218256,0.219068,0.20526,0.206483,0.206483,141032992
11/11/2017,0.205948,0.214456,0.205459,0.21043,0.21043,134503008
11/12/2017,0.210214,0.210214,0.195389,0.197339,0.197339,251175008
11/13/2017,0.197472,0.204081,0.197456,0.203442,0.203442,132567000
11/14/2017,0.203679,0.213693,0.203679,0.209825,0.209825,127361000
11/15/2017,0.208937,0.213105,0.208058,0.212956,0.212956,100294000
11/16/2017,0.212655,0.27179,0.209287,0.227107,0.227107,1022579968
11/17/2017,0.224768,0.239409,0.220273,0.226581,0.226581,397071008
11/18/2017,0.226547,0.230399,0.222399,0.228627,0.228627,144298000
11/19/2017,0.22814,0.236231,0.226037,0.231016,0.231016,193808000
11/20/2017,0.231336,0.24343,0.230917,0.238759,0.238759,214663008
11/21/2017,0.237978,0.240974,0.2272,0.233271,0.233271,217851008
11/22/2017,0.232642,0.240848,0.232317,0.238859,0.238859,167078000
11/23/2017,0.238991,0.250096,0.237304,0.242402,0.242402,240684992
11/24/2017,0.242851,0.245388,0.238421,0.244642,0.244642,211486000
11/25/2017,0.244178,0.2557,0.243584,0.252393,0.252393,212592992
11/26/2017,0.252914,0.252914,0.248589,0.248818,0.248818,133297000
11/27/2017,0.248305,0.254733,0.247861,0.253927,0.253927,196735008
11/28/2017,0.254037,0.301084,0.253415,0.299152,0.299152,720742976
11/29/2017,0.297867,0.297867,0.239409,0.243064,0.243064,541177984
11/30/2017,0.246433,0.261524,0.229586,0.250878,0.250878,270907008
12/1/2017,0.250352,0.258828,0.239438,0.255699,0.255699,182992000
12/2/2017,0.255656,0.259218,0.250756,0.255492,0.255492,118250000
12/3/2017,0.25553,0.263072,0.247391,0.252558,0.252558,134710000
12/4/2017,0.252919,0.255362,0.24716,0.253571,0.253571,104650000
12/5/2017,0.253598,0.253988,0.245234,0.246101,0.246101,174591008
12/6/2017,0.245416,0.245705,0.227742,0.232544,0.232544,274526016
12/7/2017,0.232623,0.23376,0.22134,0.222823,0.222823,275204992
12/8/2017,0.223636,0.278673,0.222168,0.252125,0.252125,660172032
12/9/2017,0.252162,0.255684,0.240073,0.244708,0.244708,205288992
12/10/2017,0.245548,0.245548,0.229304,0.237333,0.237333,198174000
12/11/2017,0.236574,0.252777,0.235804,0.251691,0.251691,176100992
12/12/2017,0.252258,0.434102,0.250961,0.373541,0.373541,1555040000
12/13/2017,0.372689,0.513768,0.342964,0.471063,0.471063,2738759936
12/14/2017,0.470648,0.892267,0.466401,0.864263,0.864263,6358700032
12/15/2017,0.86176,0.86176,0.666114,0.756181,0.756181,3194210048
12/16/2017,0.755493,0.815923,0.741667,0.758642,0.758642,1334770048
12/17/2017,0.754125,0.765981,0.719929,0.728366,0.728366,805200000
12/18/2017,0.728036,0.792014,0.689323,0.778407,0.778407,1342720000
12/19/2017,0.777447,0.863536,0.756724,0.791257,0.791257,1449670016
12/20/2017,0.787171,0.789044,0.730953,0.775964,0.775964,1007420032
12/21/2017,0.782515,1.23622,0.782515,1.19306,1.19306,3626109952
12/22/2017,1.16651,1.37918,0.741013,1.13828,1.13828,4644700160
12/23/2017,1.16594,1.2081,1.07611,1.17434,1.17434,1497590016
12/24/2017,1.17558,1.17558,0.911226,1.04395,1.04395,754958976
12/25/2017,1.04561,1.12852,1.00356,1.12232,1.12232,686014016
12/26/2017,1.12174,1.19131,1.09062,1.18949,1.18949,938846976
12/27/2017,1.18422,1.46846,1.18234,1.39964,1.39964,2854259968
12/28/2017,1.39389,1.5008,1.25865,1.43088,1.43088,2843300096
12/29/2017,1.43957,2.26515,1.43658,2.2146,2.2146,7545739776
12/30/2017,2.199,2.85453,2.03517,2.15902,2.15902,8108389888
12/31/2017,2.0951,2.392,1.8703,2.30057,2.30057,4642079744
1/1/2018,2.29602,2.39103,2.14897,2.39103,2.39103,1894230016
1/2/2018,2.36948,2.48919,2.24793,2.4809,2.4809,3171010048
1/3/2018,2.4641,3.27938,2.44315,3.10537,3.10537,6635879936
1/4/2018,3.11734,3.84194,3.11734,3.19663,3.19663,8103660032
1/5/2018,3.30081,3.56468,2.82561,3.04871,3.04871,6288500224
1/6/2018,3.02105,3.23656,2.98992,3.09397,3.09397,2777560064
1/7/2018,3.09296,3.48725,3.08382,3.37781,3.37781,2395150080
1/8/2018,3.36357,3.36357,2.06552,2.45621,2.45621,3315259904
1/9/2018,2.44346,2.52896,1.98066,2.10178,2.10178,3694700032
1/10/2018,2.12991,2.15887,1.69519,1.97492,1.97492,4833639936
1/11/2018,1.98021,2.24898,1.61527,1.9508,1.9508,6296119808
1/12/2018,1.94048,2.15682,1.86729,2.04323,2.04323,3330810112
1/13/2018,2.05141,2.1187,1.98202,2.02135,2.02135,2130169984
1/14/2018,2.01852,2.01852,1.81184,1.86119,1.86119,1978200064
1/15/2018,1.85625,1.90081,1.66529,1.67673,1.67673,1838460032
1/16/2018,1.67836,1.70138,0.909313,1.17924,1.17924,5687960064
1/17/2018,1.18368,1.37673,0.897797,1.30634,1.30634,7251210240
1/18/2018,1.30558,1.73319,1.25605,1.59658,1.59658,9110439936
1/19/2018,1.58217,1.70214,1.50134,1.55205,1.55205,3697430016
1/20/2018,1.56284,1.62833,1.50274,1.57862,1.57862,2346449920
1/21/2018,1.57623,1.57623,1.34303,1.38004,1.38004,2840750080
1/22/2018,1.39161,1.42841,1.16308,1.35735,1.35735,2642510080
1/23/2018,1.35319,1.43472,1.20426,1.33707,1.33707,2977080064
1/24/2018,1.35212,1.42496,1.30784,1.35715,1.35715,1853440000
1/25/2018,1.36325,1.38484,1.29287,1.31223,1.31223,986067968
1/26/2018,1.30892,1.32602,1.135,1.21727,1.21727,2037570048
1/27/2018,1.21789,1.23948,1.18944,1.21911,1.21911,689100992
1/28/2018,1.22389,1.43812,1.22389,1.3996,1.3996,1327360000
1/29/2018,1.39921,1.40525,1.29913,1.32397,1.32397,1073680000
1/30/2018,1.32818,1.32818,1.13113,1.13856,1.13856,1134640000
1/31/2018,1.13066,1.19093,1.03661,1.16239,1.16239,1264029952
2/1/2018,1.16088,1.1626,0.930378,0.96253,0.96253,1410419968
2/2/2018,0.960642,0.960642,0.635185,0.884784,0.884784,3529760000
2/3/2018,0.891992,0.974799,0.761635,0.924043,0.924043,1988960000
2/4/2018,0.913418,0.952947,0.796821,0.815703,0.815703,1190960000
2/5/2018,0.825943,0.833866,0.675827,0.691799,0.691799,1286179968
2/6/2018,0.705121,0.786004,0.58836,0.776393,0.776393,2361139968
2/7/2018,0.774576,0.805478,0.70695,0.723895,0.723895,1133369984
2/8/2018,0.729252,0.80697,0.722611,0.805263,0.805263,947315008
2/9/2018,0.79714,0.954428,0.77154,0.954428,0.954428,1690339968
2/10/2018,0.947251,1.30059,0.947251,1.07074,1.07074,4682010112
2/11/2018,1.06733,1.0751,0.929767,1.00416,1.00416,2555310080
2/12/2018,1.0065,1.10673,1.0065,1.08101,1.08101,1756290048
2/13/2018,1.07974,1.08293,1.01471,1.02741,1.02741,921100032
2/14/2018,1.02608,1.1651,1.02129,1.14162,1.14162,1457600000
2/15/2018,1.13905,1.16396,1.11147,1.14686,1.14686,1188530048
2/16/2018,1.14494,1.15184,1.11261,1.13803,1.13803,568339008
2/17/2018,1.13743,1.21759,1.13252,1.20498,1.20498,1186729984
2/18/2018,1.20478,1.20734,1.09336,1.12046,1.12046,1113650048
2/19/2018,1.12315,1.16643,1.12097,1.14442,1.14442,556304000
2/20/2018,1.14455,1.17448,1.08365,1.08946,1.08946,806673024
2/21/2018,1.08199,1.09588,0.998881,1.01539,1.01539,871526016
2/22/2018,1.01226,1.04732,0.922458,0.941788,0.941788,889707008
2/23/2018,0.934176,1.02721,0.898286,0.998855,0.998855,896403968
2/24/2018,0.997659,1.01394,0.929456,0.954402,0.954402,489920000
2/25/2018,0.951977,0.967597,0.915279,0.943487,0.943487,360271008
2/26/2018,0.943704,0.970906,0.913403,0.956859,0.956859,458612992
2/27/2018,0.959302,0.97258,0.944977,0.947305,0.947305,312712992
2/28/2018,0.944697,0.95555,0.903787,0.904583,0.904583,329529984
3/1/2018,0.904131,0.953796,0.89063,0.928347,0.928347,475256992
3/2/2018,0.926638,0.933912,0.902286,0.910144,0.910144,271036000
3/3/2018,0.908786,0.926512,0.903604,0.907804,0.907804,280852992
3/4/2018,0.906008,1.02631,0.895618,1.00554,1.00554,797225984
3/5/2018,1.01429,1.08021,0.956116,0.959368,0.959368,1706819968
3/6/2018,0.954448,0.991306,0.916863,0.922887,0.922887,875180032
3/7/2018,0.924378,0.930659,0.824895,0.87121,0.87121,809598016
3/8/2018,0.872508,0.888562,0.825387,0.825857,0.825857,499496000
3/9/2018,0.826122,0.856182,0.751485,0.849761,0.849761,989203008
3/10/2018,0.854872,0.860443,0.793736,0.796627,0.796627,402670016
3/11/2018,0.795765,0.840407,0.775737,0.831122,0.831122,472972000
3/12/2018,0.832127,0.838328,0.787882,0.801048,0.801048,355031008
3/13/2018,0.798451,0.805729,0.778471,0.789711,0.789711,279679008
3/14/2018,0.789569,0.79908,0.67601,0.701902,0.701902,479148992
3/15/2018,0.702913,0.730673,0.643845,0.697269,0.697269,888345024
3/16/2018,0.699063,0.71178,0.674463,0.68926,0.68926,502740000
3/17/2018,0.687745,0.689434,0.626709,0.637856,0.637856,319824000
3/18/2018,0.634466,0.677591,0.548815,0.658777,0.658777,923606016
3/19/2018,0.672126,0.74908,0.640012,0.74908,0.74908,1096930048
3/20/2018,0.736759,0.736759,0.673427,0.709808,0.709808,814275968
3/21/2018,0.713055,0.72061,0.679162,0.693664,0.693664,527324000
3/22/2018,0.693145,0.701351,0.636741,0.662743,0.662743,449041984
3/23/2018,0.663111,0.663111,0.625258,0.643174,0.643174,387164000
3/24/2018,0.646214,0.679608,0.640516,0.641265,0.641265,390740000
3/25/2018,0.638632,0.657213,0.631901,0.641875,0.641875,229352000
3/26/2018,0.642683,0.644121,0.585922,0.599463,0.599463,384504992
3/27/2018,0.599026,0.604332,0.565132,0.577917,0.577917,351380992
3/28/2018,0.577511,0.594023,0.572828,0.578002,0.578002,258298000
3/29/2018,0.577767,0.57864,0.511511,0.511511,0.511511,420550016
3/30/2018,0.513268,0.531276,0.484362,0.509565,0.509565,518219008
3/31/2018,0.510617,0.529406,0.505167,0.512353,0.512353,293208000
4/1/2018,0.513854,0.515437,0.466223,0.485081,0.485081,297868992
4/2/2018,0.486067,0.510446,0.478596,0.500688,0.500688,262342000
4/3/2018,0.501533,0.562698,0.499658,0.558044,0.558044,578238976
4/4/2018,0.554569,0.563117,0.498487,0.501631,0.501631,415257984
4/5/2018,0.50195,0.505882,0.48449,0.495801,0.495801,358755008
4/6/2018,0.494781,0.49809,0.465615,0.476431,0.476431,218156000
4/7/2018,0.476851,0.495667,0.474575,0.487867,0.487867,209076000
4/8/2018,0.488227,0.501418,0.487591,0.500398,0.500398,137548000
4/9/2018,0.501201,0.512142,0.482573,0.491855,0.491855,271775008
4/10/2018,0.492134,0.493645,0.482839,0.491931,0.491931,154495008
4/11/2018,0.492568,0.548455,0.489026,0.539506,0.539506,341707008
4/12/2018,0.538657,0.644518,0.506543,0.628737,0.628737,1346739968
4/13/2018,0.630093,0.693112,0.605816,0.638087,0.638087,1245170048
4/14/2018,0.63738,0.661508,0.616307,0.632184,0.632184,626268032
4/15/2018,0.634883,0.682534,0.634143,0.682534,0.682534,609636992
4/16/2018,0.682296,0.687165,0.63861,0.663297,0.663297,531996000
4/17/2018,0.66489,0.677356,0.654346,0.656933,0.656933,442352992
4/18/2018,0.657052,0.721426,0.657052,0.708932,0.708932,624049024
4/19/2018,0.712059,0.791976,0.706841,0.791976,0.791976,878328000
4/20/2018,0.791172,0.938354,0.791172,0.924465,0.924465,2344069888
4/21/2018,0.925021,0.925021,0.821113,0.873103,0.873103,1563970048
4/22/2018,0.86682,0.911901,0.848091,0.869995,0.869995,946398976
4/23/2018,0.866578,0.88629,0.863304,0.876657,0.876657,674545024
4/24/2018,0.876012,0.96561,0.873566,0.934781,0.934781,1572930048
4/25/2018,0.932771,0.932771,0.779231,0.800607,0.800607,1614050048
4/26/2018,0.801774,0.852414,0.771787,0.852414,0.852414,1028590016
4/27/2018,0.851139,0.859641,0.813885,0.813885,0.813885,673793024
4/28/2018,0.812063,0.887591,0.812063,0.863804,0.863804,788718976
4/29/2018,0.864399,0.904945,0.83448,0.872778,0.872778,896313984
4/30/2018,0.871404,0.876788,0.831208,0.837938,0.837938,575363968
5/1/2018,0.838355,0.842069,0.797826,0.841407,0.841407,630809024
5/2/2018,0.839355,0.86428,0.831713,0.859094,0.859094,544425984
5/3/2018,0.85898,0.892916,0.847319,0.884466,0.884466,725228992
5/4/2018,0.881536,0.927695,0.866922,0.895442,0.895442,1007609984
5/5/2018,0.895562,0.922354,0.895562,0.905103,0.905103,668800000
5/6/2018,0.904235,0.918675,0.855972,0.871424,0.871424,640057024
5/7/2018,0.871214,0.871236,0.812933,0.832641,0.832641,602534976
5/8/2018,0.833086,0.846992,0.803568,0.81397,0.81397,465040992
5/9/2018,0.813393,0.819969,0.7703,0.802043,0.802043,611574976
5/10/2018,0.803212,0.808914,0.757342,0.758237,0.758237,399324000
5/11/2018,0.756578,0.761326,0.656026,0.684948,0.684948,991409024
5/12/2018,0.685772,0.714918,0.639771,0.696735,0.696735,596684992
5/13/2018,0.698085,0.758977,0.680971,0.745748,0.745748,532488000
5/14/2018,0.744701,0.756983,0.707693,0.740898,0.740898,613462016
5/15/2018,0.738938,0.752269,0.692667,0.698588,0.698588,422980000
5/16/2018,0.69592,0.714081,0.669438,0.714081,0.714081,429641984
5/17/2018,0.713388,0.714618,0.661213,0.66731,0.66731,337999008
5/18/2018,0.6654,0.685625,0.65339,0.680294,0.680294,344944000
5/19/2018,0.680759,0.69045,0.665896,0.676713,0.676713,249039008
5/20/2018,0.677258,0.704614,0.673348,0.700244,0.700244,275614016
5/21/2018,0.700441,0.703051,0.676203,0.681587,0.681587,250480992
5/22/2018,0.682151,0.682933,0.644588,0.645567,0.645567,234712992
5/23/2018,0.648634,0.649121,0.586997,0.599594,0.599594,482480992
5/24/2018,0.599207,0.640258,0.589272,0.631997,0.631997,440532992
5/25/2018,0.632924,0.636208,0.603334,0.611001,0.611001,289816000
5/26/2018,0.610118,0.626494,0.6038,0.612708,0.612708,213242000
5/27/2018,0.61204,0.612884,0.603328,0.607881,0.607881,186963008
5/28/2018,0.608368,0.609781,0.552299,0.552299,0.552299,327903008
5/29/2018,0.556084,0.610749,0.551635,0.601241,0.601241,380744000
5/30/2018,0.603769,0.627679,0.590058,0.605817,0.605817,320604992
5/31/2018,0.603452,0.621636,0.596089,0.612622,0.612622,283328000
6/1/2018,0.612893,0.624824,0.609069,0.623364,0.623364,263088000
6/2/2018,0.623462,0.648982,0.619477,0.643451,0.643451,315206016
6/3/2018,0.643412,0.673594,0.640891,0.671205,0.671205,327804000
6/4/2018,0.692466,0.703623,0.644603,0.661425,0.661425,558131008
6/5/2018,0.661898,0.68384,0.641428,0.677015,0.677015,386328000
6/6/2018,0.677901,0.681668,0.660059,0.674797,0.674797,273966016
6/7/2018,0.675313,0.688223,0.673146,0.678128,0.678128,244568000
6/8/2018,0.677586,0.679668,0.660804,0.674343,0.674343,221887008
6/9/2018,0.674778,0.678893,0.659755,0.659755,0.659755,175990000
6/10/2018,0.659514,0.659514,0.561237,0.588126,0.588126,492555008
6/11/2018,0.586198,0.604066,0.568721,0.604066,0.604066,336547008
6/12/2018,0.602136,0.602139,0.556653,0.562933,0.562933,309544000
6/13/2018,0.562845,0.564642,0.517036,0.534663,0.534663,359864992
6/14/2018,0.535435,0.57059,0.526614,0.561306,0.561306,379824992
6/15/2018,0.560062,0.560062,0.534301,0.537707,0.537707,241684992
6/16/2018,0.537106,0.539293,0.523588,0.534784,0.534784,202682000
6/17/2018,0.535536,0.538881,0.525215,0.528216,0.528216,166028000
6/18/2018,0.52882,0.547794,0.511833,0.537495,0.537495,276527008
6/19/2018,0.538614,0.558059,0.534595,0.549621,0.549621,255400000
6/20/2018,0.549738,0.550554,0.525859,0.539286,0.539286,256920000
6/21/2018,0.539228,0.547007,0.530697,0.534775,0.534775,194312000
6/22/2018,0.535091,0.535091,0.477286,0.486947,0.486947,339428992
6/23/2018,0.487309,0.496713,0.480874,0.491284,0.491284,204927008
6/24/2018,0.491773,0.493725,0.450048,0.47738,0.47738,369520000
6/25/2018,0.477106,0.49111,0.47556,0.481753,0.481753,231728992
6/26/2018,0.482381,0.482872,0.456001,0.456001,0.456001,179426000
6/27/2018,0.455551,0.472758,0.45196,0.47037,0.47037,215618000
6/28/2018,0.47033,0.471683,0.44575,0.448458,0.448458,220566000
6/29/2018,0.448354,0.45834,0.427302,0.45308,0.45308,309777984
6/30/2018,0.454112,0.480147,0.454112,0.466245,0.466245,345528992
7/1/2018,0.465944,0.46628,0.450816,0.461358,0.461358,267224992
7/2/2018,0.461606,0.488924,0.453839,0.486122,0.486122,335919008
7/3/2018,0.486259,0.515696,0.480843,0.485223,0.485223,410225984
7/4/2018,0.485584,0.503604,0.475774,0.490043,0.490043,313828992
7/5/2018,0.490422,0.497402,0.472966,0.481625,0.481625,279999008
7/6/2018,0.480579,0.481473,0.462414,0.479151,0.479151,245003008
7/7/2018,0.478617,0.492477,0.467716,0.492477,0.492477,214979008
7/8/2018,0.492319,0.494895,0.475966,0.477749,0.477749,226644000
7/9/2018,0.477291,0.480774,0.472653,0.47427,0.47427,206344992
7/10/2018,0.473855,0.474336,0.443261,0.445042,0.445042,230418000
7/11/2018,0.445127,0.452545,0.443574,0.450233,0.450233,183887008
7/12/2018,0.449882,0.449972,0.428033,0.435364,0.435364,182139008
7/13/2018,0.436514,0.444508,0.434805,0.438741,0.438741,179403008
7/14/2018,0.438561,0.441646,0.433895,0.439271,0.439271,134840992
7/15/2018,0.439095,0.448987,0.437194,0.445894,0.445894,152903008
7/16/2018,0.446413,0.483401,0.444505,0.483401,0.483401,269283008
7/17/2018,0.481301,0.516604,0.470048,0.505587,0.505587,347700000
7/18/2018,0.505118,0.51956,0.477234,0.486389,0.486389,367988992
7/19/2018,0.487577,0.491237,0.471724,0.476433,0.476433,293942016
7/20/2018,0.476485,0.476485,0.436483,0.446994,0.446994,295403008
7/21/2018,0.446219,0.458755,0.438318,0.45541,0.45541,180339008
7/22/2018,0.455002,0.460989,0.44914,0.449311,0.449311,158906000
7/23/2018,0.449121,0.461783,0.444498,0.445276,0.445276,194542000
7/24/2018,0.445559,0.466819,0.438565,0.457623,0.457623,319956000
7/25/2018,0.455842,0.465526,0.450719,0.459829,0.459829,255872000
7/26/2018,0.459447,0.466983,0.446849,0.44992,0.44992,199587008
7/27/2018,0.449623,0.459486,0.445224,0.453635,0.453635,203720992
7/28/2018,0.454599,0.45617,0.449695,0.453667,0.453667,157346000
7/29/2018,0.456606,0.45714,0.450249,0.453306,0.453306,191966000
7/30/2018,0.453469,0.454549,0.436964,0.446107,0.446107,247714000
7/31/2018,0.445892,0.446124,0.427753,0.435225,0.435225,228767000
8/1/2018,0.435562,0.459134,0.427168,0.445852,0.445852,323200000
8/2/2018,0.447016,0.447645,0.429939,0.430254,0.430254,204898000
8/3/2018,0.430397,0.443633,0.426481,0.440571,0.440571,278870000
8/4/2018,0.441039,0.443058,0.427125,0.428507,0.428507,185678000
8/5/2018,0.42858,0.434594,0.427522,0.433638,0.433638,186848000
8/6/2018,0.433886,0.435794,0.40668,0.414081,0.414081,242075000
8/7/2018,0.413776,0.415917,0.379526,0.381006,0.381006,244448000
8/8/2018,0.380875,0.380875,0.326996,0.331944,0.331944,360857000
8/9/2018,0.333771,0.359654,0.332608,0.346771,0.346771,325775000
8/10/2018,0.346167,0.347973,0.316909,0.320426,0.320426,249264000
8/11/2018,0.321122,0.32121,0.291582,0.301262,0.301262,284423000
8/12/2018,0.300604,0.309376,0.297057,0.29787,0.29787,178827000
8/13/2018,0.297572,0.31068,0.276544,0.277466,0.277466,235117000
8/14/2018,0.278738,0.279615,0.253983,0.274272,0.274272,276768000
8/15/2018,0.276797,0.301744,0.276797,0.282005,0.282005,332432000
8/16/2018,0.282034,0.300958,0.278203,0.292436,0.292436,238219000
8/17/2018,0.292808,0.373619,0.292766,0.366676,0.366676,497206000
8/18/2018,0.363027,0.369954,0.317115,0.3271,0.3271,434332000
8/19/2018,0.327363,0.353079,0.321945,0.343978,0.343978,327300000
8/20/2018,0.344451,0.351689,0.317692,0.319283,0.319283,311144000
8/21/2018,0.318219,0.3381,0.316983,0.335177,0.335177,248735000
8/22/2018,0.334434,0.350122,0.316613,0.319803,0.319803,286845000
8/23/2018,0.319573,0.328813,0.319176,0.327709,0.327709,217578000
8/24/2018,0.32739,0.328584,0.318217,0.327606,0.327606,244571000
8/25/2018,0.32765,0.33153,0.324468,0.32823,0.32823,167363000
8/26/2018,0.328162,0.328327,0.320571,0.323776,0.323776,168718000
8/27/2018,0.323643,0.337781,0.323066,0.336903,0.336903,227284000
8/28/2018,0.337527,0.356798,0.334971,0.351837,0.351837,329550000
8/29/2018,0.350833,0.353745,0.341238,0.344803,0.344803,275908000
8/30/2018,0.344546,0.34664,0.325641,0.335444,0.335444,263925000
8/31/2018,0.335474,0.338988,0.328373,0.335332,0.335332,219139000
9/1/2018,0.335313,0.352657,0.334467,0.347721,0.347721,257267000
9/2/2018,0.347323,0.349541,0.338393,0.342523,0.342523,240907000
9/3/2018,0.343137,0.343684,0.334542,0.335961,0.335961,201147000
9/4/2018,0.335184,0.34032,0.330305,0.331652,0.331652,241419000
9/5/2018,0.331465,0.3341,0.283601,0.283601,0.283601,344488000
9/6/2018,0.2835,0.305327,0.276112,0.30271,0.30271,329763000
9/7/2018,0.301431,0.305307,0.287287,0.291435,0.291435,213961000
9/8/2018,0.291119,0.296207,0.273789,0.279333,0.279333,169208000
9/9/2018,0.278661,0.291261,0.274478,0.27868,0.27868,168991000
9/10/2018,0.280237,0.282113,0.26382,0.270321,0.270321,204958000
9/11/2018,0.270167,0.274917,0.255917,0.26371,0.26371,200330000
9/12/2018,0.263166,0.272626,0.255756,0.270087,0.270087,298449000
9/13/2018,0.270783,0.284655,0.267846,0.280583,0.280583,311799000
9/14/2018,0.281184,0.284941,0.273855,0.277159,0.277159,269029000
9/15/2018,0.277006,0.283564,0.276765,0.282008,0.282008,205361000
9/16/2018,0.281723,0.281846,0.276549,0.281166,0.281166,197009000
9/17/2018,0.281545,0.283361,0.268184,0.272251,0.272251,246489000
9/18/2018,0.271452,0.332653,0.27101,0.32186,0.32186,600216000
9/19/2018,0.320324,0.334734,0.313853,0.326053,0.326053,489609000
9/20/2018,0.326441,0.477467,0.322347,0.449918,0.449918,1291360000
9/21/2018,0.452836,0.76938,0.429052,0.561462,0.561462,4101490000
9/22/2018,0.565468,0.609112,0.495737,0.570798,0.570798,2411430000
9/23/2018,0.57522,0.595025,0.559651,0.570689,0.570689,1043970000
9/24/2018,0.570614,0.580377,0.489646,0.494712,0.494712,1034380000
9/25/2018,0.487622,0.546061,0.441519,0.526941,0.526941,1639680000
9/26/2018,0.520288,0.566711,0.491498,0.516308,0.516308,1821610000
9/27/2018,0.516478,0.550922,0.513967,0.541381,0.541381,824083000
9/28/2018,0.54303,0.548805,0.522197,0.539112,0.539112,718255000
9/29/2018,0.539412,0.587431,0.529954,0.571228,0.571228,1034370000
9/30/2018,0.568045,0.618702,0.564195,0.581572,0.581572,1329720000
10/1/2018,0.583511,0.602337,0.537349,0.576461,0.576461,1412800000
10/2/2018,0.577145,0.577145,0.518287,0.520837,0.520837,743705000
10/3/2018,0.51722,0.536097,0.512269,0.528162,0.528162,789229000
10/4/2018,0.528892,0.547161,0.52625,0.526606,0.526606,621615000
10/5/2018,0.52753,0.530432,0.51032,0.519026,0.519026,589636000
10/6/2018,0.519354,0.520882,0.470532,0.488082,0.488082,672167000
10/7/2018,0.490268,0.490268,0.469887,0.482039,0.482039,548645000
10/8/2018,0.484018,0.496593,0.479386,0.489751,0.489751,540832000
10/9/2018,0.490604,0.491133,0.471116,0.479857,0.479857,416867000
10/10/2018,0.479151,0.479151,0.459042,0.462387,0.462387,412207000
10/11/2018,0.461497,0.461497,0.381614,0.38313,0.38313,791202000
10/12/2018,0.379313,0.439544,0.378914,0.419115,0.419115,820154000
10/13/2018,0.416294,0.425624,0.414515,0.418878,0.418878,373875000
10/14/2018,0.418573,0.424992,0.40146,0.403286,0.403286,289195000
10/15/2018,0.401654,0.472133,0.396701,0.447316,0.447316,1041470000
10/16/2018,0.448066,0.47099,0.445319,0.470253,0.470253,605102000
10/17/2018,0.469701,0.478521,0.460343,0.468197,0.468197,526538000
10/18/2018,0.467653,0.474622,0.447294,0.457725,0.457725,476876000
10/19/2018,0.457344,0.460625,0.450369,0.454178,0.454178,303401000
10/20/2018,0.453936,0.461899,0.45107,0.459151,0.459151,277061000
10/21/2018,0.458863,0.463629,0.455411,0.456694,0.456694,262867000
10/22/2018,0.456089,0.458188,0.450583,0.453109,0.453109,249302000
10/23/2018,0.45307,0.471596,0.439644,0.462058,0.462058,445238000
10/24/2018,0.461505,0.46707,0.454497,0.457237,0.457237,295115000
10/25/2018,0.45578,0.462766,0.452681,0.458052,0.458052,273380000
10/26/2018,0.456961,0.460288,0.453618,0.459288,0.459288,235514000
10/27/2018,0.459176,0.460376,0.455284,0.456348,0.456348,211006000
10/28/2018,0.457169,0.463931,0.455456,0.462406,0.462406,280005000
10/29/2018,0.461598,0.462128,0.437057,0.441514,0.441514,341648000
10/30/2018,0.441968,0.448306,0.44088,0.444759,0.444759,245858000
10/31/2018,0.445268,0.450401,0.43876,0.448382,0.448382,367008000
11/1/2018,0.44862,0.456303,0.446069,0.455722,0.455722,346501000
11/2/2018,0.456506,0.461451,0.455729,0.458685,0.458685,401300000
11/3/2018,0.458899,0.459135,0.454453,0.455667,0.455667,275311000
11/4/2018,0.455225,0.470722,0.449935,0.462691,0.462691,429629000
11/5/2018,0.461444,0.497412,0.460769,0.497412,0.497412,556519000
11/6/2018,0.497102,0.560547,0.497102,0.54908,0.54908,1333160000
11/7/2018,0.549319,0.549319,0.524965,0.535707,0.535707,631230000
11/8/2018,0.53664,0.539282,0.491286,0.493508,0.493508,686221000
11/9/2018,0.492847,0.515509,0.492847,0.500668,0.500668,509865000
11/10/2018,0.5003,0.511176,0.499791,0.506698,0.506698,328038000
11/11/2018,0.506895,0.508318,0.49693,0.505913,0.505913,292675000
11/12/2018,0.507833,0.525536,0.500816,0.517165,0.517165,605042000
11/13/2018,0.516663,0.525145,0.50552,0.510112,0.510112,521675000
11/14/2018,0.508372,0.510646,0.430398,0.474372,0.474372,980604000
11/15/2018,0.472378,0.484565,0.432724,0.481708,0.481708,965997000
11/16/2018,0.479232,0.485082,0.463771,0.471609,0.471609,593572000
11/17/2018,0.472323,0.49673,0.466813,0.491654,0.491654,607453000
11/18/2018,0.493419,0.522133,0.49033,0.510473,0.510473,884280000
11/19/2018,0.510127,0.510127,0.472305,0.478166,0.478166,1297340000
11/20/2018,0.480279,0.496516,0.423672,0.434726,0.434726,1538310000
11/21/2018,0.436492,0.456144,0.41678,0.447651,0.447651,858303000
11/22/2018,0.447948,0.448206,0.42608,0.42608,0.42608,480044000
11/23/2018,0.425209,0.428205,0.398046,0.407428,0.407428,774083000
11/24/2018,0.407844,0.416762,0.367354,0.375336,0.375336,626279000
11/25/2018,0.374511,0.386333,0.324953,0.374551,0.374551,1296590000
11/26/2018,0.375553,0.388696,0.342019,0.355451,0.355451,1032000000
11/27/2018,0.353977,0.367645,0.342991,0.360163,0.360163,600169000
11/28/2018,0.360313,0.401583,0.360313,0.390557,0.390557,774818000
11/29/2018,0.391862,0.392465,0.373789,0.379562,0.379562,629900577
11/30/2018,0.380538,0.381019,0.355205,0.362455,0.362455,512041152
12/1/2018,0.362557,0.377056,0.357083,0.372906,0.372906,397266566
12/2/2018,0.372162,0.378392,0.365732,0.367627,0.367627,335732170
12/3/2018,0.368598,0.368598,0.346975,0.348754,0.348754,392651603
12/4/2018,0.348534,0.361431,0.342528,0.352231,0.352231,445334425
12/5/2018,0.352353,0.353309,0.338242,0.338242,0.338242,400526135
12/6/2018,0.337083,0.342495,0.31036,0.310936,0.310936,517551018
12/7/2018,0.310837,0.311059,0.291351,0.301997,0.301997,667331347
12/8/2018,0.30244,0.318185,0.297232,0.307269,0.307269,463529471
12/9/2018,0.306451,0.320144,0.304666,0.31337,0.31337,430122747
12/10/2018,0.313485,0.31621,0.3006,0.303766,0.303766,386627711
12/11/2018,0.3031,0.310343,0.298095,0.301345,0.301345,394872461
12/12/2018,0.300671,0.31115,0.300671,0.307323,0.307323,370325300
12/13/2018,0.30766,0.3078,0.298118,0.300026,0.300026,303413883
12/14/2018,0.299972,0.30015,0.285112,0.28879,0.28879,320266797
12/15/2018,0.288699,0.291372,0.282523,0.285883,0.285883,277696890
12/16/2018,0.285911,0.294169,0.28589,0.287929,0.287929,316135928
12/17/2018,0.288101,0.336501,0.286942,0.328453,0.328453,639336585
12/18/2018,0.329022,0.350162,0.325291,0.350162,0.350162,753758217
12/19/2018,0.35506,0.39333,0.348201,0.351956,0.351956,1041279272
12/20/2018,0.347361,0.388974,0.347056,0.378199,0.378199,1006287680
12/21/2018,0.376756,0.384089,0.354035,0.35857,0.35857,724747471
12/22/2018,0.358885,0.362968,0.34987,0.362308,0.362308,487175830
12/23/2018,0.363045,0.381476,0.361807,0.37127,0.37127,634162707
12/24/2018,0.372398,0.448477,0.372398,0.406799,0.406799,1688430313
12/25/2018,0.408439,0.408439,0.369362,0.380872,0.380872,955306080
12/26/2018,0.379991,0.391334,0.363441,0.378693,0.378693,690588635
12/27/2018,0.379106,0.379608,0.336282,0.341162,0.341162,575821047
12/28/2018,0.341807,0.379416,0.339139,0.376852,0.376852,765420103
12/29/2018,0.378346,0.383937,0.36708,0.367252,0.367252,617892297
12/30/2018,0.365248,0.371147,0.362264,0.369581,0.369581,486955034
12/31/2018,0.371051,0.373793,0.350787,0.352706,0.352706,501793515
1/1/2019,0.352512,0.364771,0.350402,0.364771,0.364771,449347622
1/2/2019,0.365675,0.378021,0.359574,0.375243,0.375243,543216669
1/3/2019,0.374505,0.374505,0.357675,0.360224,0.360224,438873803
1/4/2019,0.359753,0.364642,0.352785,0.356747,0.356747,450633876
1/5/2019,0.356347,0.361069,0.353987,0.355275,0.355275,452090239
1/6/2019,0.35475,0.36966,0.352589,0.368395,0.368395,492558794
1/7/2019,0.368854,0.37791,0.363387,0.364347,0.364347,499028522
1/8/2019,0.36442,0.370992,0.360734,0.365315,0.365315,499493490
1/9/2019,0.365886,0.373522,0.364756,0.37089,0.37089,455908708
1/10/2019,0.371464,0.381949,0.327159,0.332652,0.332652,839535352
1/11/2019,0.331284,0.337726,0.327914,0.332904,0.332904,501054509
1/12/2019,0.333004,0.336381,0.328033,0.3288,0.3288,376386863
1/13/2019,0.328662,0.333596,0.317098,0.317863,0.317863,452358902
1/14/2019,0.318354,0.337942,0.318354,0.333766,0.333766,545540174
1/15/2019,0.333912,0.3365,0.324011,0.327179,0.327179,429283720
1/16/2019,0.326946,0.334796,0.326174,0.329701,0.329701,438731638
1/17/2019,0.32969,0.330162,0.32574,0.329353,0.329353,433446502
1/18/2019,0.329196,0.329494,0.321856,0.324277,0.324277,376280714
1/19/2019,0.325702,0.333749,0.324911,0.331001,0.331001,420070097
1/20/2019,0.33122,0.332147,0.317609,0.321177,0.321177,407205881
1/21/2019,0.321179,0.322593,0.317439,0.32079,0.32079,363940431
1/22/2019,0.321078,0.321078,0.313455,0.319491,0.319491,434125854
1/23/2019,0.319566,0.320303,0.314923,0.316492,0.316492,375671478
1/24/2019,0.316416,0.318896,0.314433,0.317598,0.317598,344960253
1/25/2019,0.317859,0.319069,0.313824,0.317165,0.317165,360076505
1/26/2019,0.31726,0.319326,0.314235,0.314235,0.314235,346413648
1/27/2019,0.314854,0.315266,0.308366,0.309439,0.309439,362599965
1/28/2019,0.30936,0.309878,0.286563,0.294863,0.294863,584796818
1/29/2019,0.29506,0.296216,0.285888,0.289558,0.289558,454631055
1/30/2019,0.289425,0.324064,0.287915,0.320461,0.320461,753787392
1/31/2019,0.320704,0.333835,0.305866,0.310036,0.310036,780304474
2/1/2019,0.310839,0.311895,0.299399,0.308517,0.308517,564486615
2/2/2019,0.308326,0.311578,0.305231,0.310912,0.310912,429425320
2/3/2019,0.310429,0.311238,0.29937,0.302352,0.302352,438357004
2/4/2019,0.30258,0.305059,0.299364,0.300198,0.300198,418384497
2/5/2019,0.299763,0.301278,0.29721,0.299239,0.299239,424722760
2/6/2019,0.29943,0.299491,0.290419,0.290727,0.290727,456205130
2/7/2019,0.290691,0.294617,0.290445,0.291618,0.291618,368034283
2/8/2019,0.291668,0.315308,0.290119,0.311683,0.311683,683014535
2/9/2019,0.311578,0.313414,0.30756,0.311284,0.311284,461638795
2/10/2019,0.311253,0.31134,0.302092,0.309909,0.309909,495640831
2/11/2019,0.310034,0.310034,0.302741,0.302741,0.302741,474495062
2/12/2019,0.302569,0.307477,0.299579,0.30519,0.30519,472806810
2/13/2019,0.305429,0.311322,0.302188,0.304284,0.304284,494653115
2/14/2019,0.304017,0.3061,0.301514,0.301909,0.301909,418928960
2/15/2019,0.302129,0.304614,0.299583,0.301759,0.301759,426310729
2/16/2019,0.301602,0.303516,0.300731,0.301703,0.301703,379011431
2/17/2019,0.301571,0.304934,0.299235,0.30337,0.30337,427237164
2/18/2019,0.303084,0.327739,0.302557,0.321568,0.321568,887187377
2/19/2019,0.321427,0.343676,0.320942,0.323768,0.323768,1135384190
2/20/2019,0.323572,0.333607,0.320995,0.33288,0.33288,777173685
2/21/2019,0.332869,0.332869,0.319201,0.321291,0.321291,634536385
2/22/2019,0.321449,0.32344,0.318165,0.321904,0.321904,570898964
2/23/2019,0.321314,0.333893,0.318241,0.33262,0.33262,638747256
2/24/2019,0.332942,0.341581,0.299331,0.301443,0.301443,1117884486
2/25/2019,0.300708,0.337855,0.300708,0.32851,0.32851,1060838440
2/26/2019,0.327779,0.33431,0.316865,0.319477,0.319477,881257178
2/27/2019,0.319677,0.322419,0.308662,0.313106,0.313106,716326029
2/28/2019,0.313115,0.317004,0.311435,0.315078,0.315078,734041245
3/1/2019,0.315066,0.323946,0.31362,0.317312,0.317312,752723591
3/2/2019,0.316911,0.319301,0.312747,0.315126,0.315126,604560086
3/3/2019,0.314857,0.3165,0.310925,0.312554,0.312554,548503372
3/4/2019,0.312021,0.31312,0.302677,0.305133,0.305133,647905632
3/5/2019,0.305095,0.317879,0.304082,0.316507,0.316507,786832982
3/6/2019,0.316674,0.320833,0.311987,0.317031,0.317031,750399371
3/7/2019,0.317192,0.319898,0.314548,0.314766,0.314766,716447226
3/8/2019,0.315044,0.316385,0.308828,0.310087,0.310087,680461375
3/9/2019,0.309751,0.317748,0.309367,0.313826,0.313826,763946051
3/10/2019,0.314266,0.315795,0.311095,0.313107,0.313107,620043949
3/11/2019,0.313175,0.314576,0.309417,0.311065,0.311065,671951311
3/12/2019,0.311138,0.311773,0.307536,0.310201,0.310201,581106367
3/13/2019,0.310611,0.320114,0.30866,0.314098,0.314098,827163024
3/14/2019,0.31387,0.316362,0.311307,0.312955,0.312955,706966032
3/15/2019,0.312733,0.316065,0.311575,0.315052,0.315052,636037517
3/16/2019,0.315066,0.322413,0.314838,0.320468,0.320468,759396360
3/17/2019,0.320387,0.320739,0.316497,0.317612,0.317612,530234054
3/18/2019,0.317716,0.320667,0.314653,0.31744,0.31744,692176696
3/19/2019,0.316756,0.320595,0.315351,0.319281,0.319281,672954616
3/20/2019,0.319346,0.320777,0.314781,0.31961,0.31961,794566633
3/21/2019,0.31996,0.32085,0.309338,0.312718,0.312718,824129023
3/22/2019,0.311342,0.315092,0.310141,0.311541,0.311541,687711343
3/23/2019,0.311343,0.313666,0.31013,0.312359,0.312359,611853725
3/24/2019,0.312396,0.312453,0.308168,0.308992,0.308992,649754894
3/25/2019,0.309446,0.309736,0.301453,0.304055,0.304055,750245385
3/26/2019,0.303808,0.30506,0.298987,0.30506,0.30506,761000017
3/27/2019,0.305421,0.312615,0.304067,0.312465,0.312465,781951318
3/28/2019,0.312383,0.312452,0.307085,0.309246,0.309246,677929379
3/29/2019,0.309269,0.311644,0.306235,0.307929,0.307929,854583316
3/30/2019,0.307655,0.326784,0.306873,0.310632,0.310632,929122633
3/31/2019,0.31073,0.311171,0.30815,0.309229,0.309229,652757652
4/1/2019,0.309195,0.313777,0.30891,0.312747,0.312747,836123225
4/2/2019,0.312805,0.35587,0.312001,0.351499,0.351499,2400198268
4/3/2019,0.351309,0.37127,0.333735,0.342234,0.342234,2544122431
4/4/2019,0.342286,0.348977,0.32907,0.332513,0.332513,1599115419
4/5/2019,0.332685,0.374064,0.33263,0.361803,0.361803,2359353481
4/6/2019,0.361837,0.363441,0.351168,0.354405,0.354405,1440643534
4/7/2019,0.354406,0.365387,0.351689,0.359856,0.359856,1398086395
4/8/2019,0.361143,0.367036,0.351588,0.358234,0.358234,1513421926
4/9/2019,0.358307,0.358307,0.348536,0.349462,0.349462,1076688924
4/10/2019,0.349425,0.359778,0.348709,0.354792,0.354792,1213341089
4/11/2019,0.354828,0.354851,0.326826,0.330984,0.330984,1641951210
4/12/2019,0.330664,0.330868,0.321167,0.326346,0.326346,1076074031
4/13/2019,0.326386,0.334444,0.323714,0.326031,0.326031,976688780
4/14/2019,0.32616,0.329421,0.324244,0.328809,0.328809,746765729
4/15/2019,0.328841,0.331551,0.31809,0.320913,0.320913,934107164
4/16/2019,0.320998,0.327308,0.319261,0.327218,0.327218,799796781
4/17/2019,0.327157,0.340327,0.322388,0.335453,0.335453,1137811633
4/18/2019,0.335476,0.345289,0.335335,0.337065,0.337065,1092731769
4/19/2019,0.337062,0.337147,0.329577,0.331902,0.331902,1025167554
4/20/2019,0.331871,0.333213,0.324969,0.328476,0.328476,931570799
4/21/2019,0.328678,0.329627,0.318746,0.322449,0.322449,1005803846
4/22/2019,0.322277,0.32935,0.320237,0.323934,0.323934,1131094080
4/23/2019,0.323844,0.328396,0.320919,0.321222,0.321222,1077333990
4/24/2019,0.321114,0.321282,0.296982,0.302318,0.302318,1517791002
4/25/2019,0.302224,0.306162,0.287667,0.289384,0.289384,1191205196
4/26/2019,0.289838,0.29902,0.287485,0.298502,0.298502,1226933036
4/27/2019,0.298541,0.300304,0.295307,0.296741,0.296741,785963315
4/28/2019,0.296865,0.300466,0.295339,0.297426,0.297426,721572911
4/29/2019,0.297422,0.299848,0.291652,0.294289,0.294289,890911784
4/30/2019,0.29432,0.311631,0.293542,0.309476,0.309476,1229331267
5/1/2019,0.30949,0.311585,0.302282,0.304696,0.304696,914654614
5/2/2019,0.304735,0.305553,0.302567,0.303239,0.303239,890538619
5/3/2019,0.303232,0.313298,0.301475,0.308222,0.308222,1221399046
5/4/2019,0.308173,0.315657,0.300752,0.304552,0.304552,1162919063
5/5/2019,0.304628,0.305519,0.299611,0.302342,0.302342,805245812
5/6/2019,0.302275,0.305754,0.296443,0.302389,0.302389,1048970512
5/7/2019,0.302092,0.306428,0.299478,0.299684,0.299684,1082385112
5/8/2019,0.299022,0.3015,0.297536,0.300721,0.300721,927526280
5/9/2019,0.300582,0.302173,0.294397,0.296509,0.296509,857521678
5/10/2019,0.296523,0.302207,0.294114,0.300387,0.300387,1057594529
5/11/2019,0.300312,0.336324,0.300172,0.324543,0.324543,2226303541
5/12/2019,0.324265,0.327684,0.307292,0.310074,0.310074,2000224167
5/13/2019,0.310118,0.330486,0.308434,0.325475,0.325475,1973949373
5/14/2019,0.325111,0.417289,0.323816,0.409062,0.409062,5834207845
5/15/2019,0.408673,0.460802,0.407264,0.456005,0.456005,4535603094
5/16/2019,0.455692,0.474619,0.401363,0.419707,0.419707,4730708975
5/17/2019,0.419676,0.423509,0.366435,0.386193,0.386193,3644156225
5/18/2019,0.388622,0.391527,0.368175,0.372736,0.372736,1866646601
5/19/2019,0.372647,0.423387,0.370944,0.4177,0.4177,2803922255
5/20/2019,0.417456,0.417456,0.384647,0.398003,0.398003,2258366889
5/21/2019,0.398209,0.403105,0.389302,0.397603,0.397603,1811582122
5/22/2019,0.397493,0.407428,0.373879,0.376637,0.376637,2028827460
5/23/2019,0.376736,0.383126,0.366805,0.381204,0.381204,1595345471
5/24/2019,0.381313,0.392683,0.374502,0.384541,0.384541,1872678192
5/25/2019,0.384804,0.3936,0.383478,0.38704,0.38704,1363572843
5/26/2019,0.387129,0.409859,0.379447,0.408413,0.408413,1848938650
5/27/2019,0.408397,0.440374,0.407021,0.434168,0.434168,2736949591
5/28/2019,0.433781,0.453887,0.421021,0.446549,0.446549,3193961851
5/29/2019,0.446747,0.453277,0.424314,0.443713,0.443713,2538438749
5/30/2019,0.443786,0.469458,0.413677,0.422395,0.422395,3527827315
5/31/2019,0.422332,0.440177,0.412928,0.438574,0.438574,2225730799
6/1/2019,0.438711,0.440843,0.424181,0.430583,0.430583,1740720642
6/2/2019,0.430953,0.445865,0.429799,0.444785,0.444785,1595105832
6/3/2019,0.444674,0.459579,0.424949,0.425764,0.425764,2544969218
6/4/2019,0.425415,0.425415,0.391093,0.400667,0.400667,2537240038
6/5/2019,0.400272,0.407157,0.392688,0.402732,0.402732,1768216479
6/6/2019,0.402333,0.420554,0.394918,0.41954,0.41954,2014934546
6/7/2019,0.419548,0.430532,0.416001,0.42313,0.42313,1659632775
6/8/2019,0.423261,0.425115,0.407667,0.412411,0.412411,1244578044
6/9/2019,0.412689,0.413613,0.379967,0.388266,0.388266,1575002838
6/10/2019,0.388186,0.404672,0.383885,0.400427,0.400427,1477656039
6/11/2019,0.400674,0.402053,0.387196,0.394261,0.394261,1186383476
6/12/2019,0.394351,0.403183,0.390625,0.40176,0.40176,1221700743
6/13/2019,0.401696,0.407459,0.399352,0.400887,0.400887,1209093571
6/14/2019,0.400839,0.407512,0.393815,0.405921,0.405921,1262403987
6/15/2019,0.405759,0.412854,0.403475,0.410419,0.410419,1344741903
6/16/2019,0.410535,0.438876,0.408303,0.427516,0.427516,1981370152
6/17/2019,0.427161,0.459385,0.427092,0.44808,0.44808,1979014573
6/18/2019,0.447815,0.454499,0.423634,0.428761,0.428761,1832910177
6/19/2019,0.428757,0.438121,0.426449,0.436817,0.436817,1150637870
6/20/2019,0.436565,0.436714,0.423504,0.429823,0.429823,1296288449
6/21/2019,0.429813,0.446312,0.429535,0.443188,0.443188,1546835769
6/22/2019,0.443629,0.505467,0.442571,0.474764,0.474764,3641363867
6/23/2019,0.474858,0.488133,0.465424,0.468291,0.468291,2114801632
6/24/2019,0.468564,0.472181,0.452162,0.470088,0.470088,1641873591
6/25/2019,0.470534,0.473553,0.458875,0.468229,0.468229,1958460938
6/26/2019,0.468444,0.49431,0.460844,0.467451,0.467451,3581004665
6/27/2019,0.467701,0.470648,0.395387,0.408754,0.408754,3038678719
6/28/2019,0.409027,0.427994,0.402158,0.427315,0.427315,1974643651
6/29/2019,0.427877,0.429711,0.405958,0.429378,0.429378,1775096156
6/30/2019,0.42918,0.42918,0.396411,0.396411,0.396411,1570726856
7/1/2019,0.3959,0.417618,0.389673,0.406862,0.406862,1783852226
7/2/2019,0.406414,0.409737,0.384477,0.400204,0.400204,1676193189
7/3/2019,0.400178,0.409239,0.396724,0.408532,0.408532,1436716899
7/4/2019,0.408316,0.408655,0.387974,0.388719,0.388719,1385563454
7/5/2019,0.388729,0.388729,0.375611,0.378964,0.378964,1286860595
7/6/2019,0.379139,0.408374,0.378463,0.389055,0.389055,1521409875
7/7/2019,0.389503,0.398887,0.387624,0.397047,0.397047,1210813690
7/8/2019,0.397261,0.40269,0.392328,0.401533,0.401533,1253488309
7/9/2019,0.401645,0.406549,0.391286,0.394168,0.394168,1413299253
7/10/2019,0.394857,0.39792,0.352078,0.363775,0.363775,2300685763
7/11/2019,0.363446,0.363634,0.322926,0.330335,0.330335,2056220396
7/12/2019,0.330343,0.349789,0.323298,0.344118,0.344118,1641965115
7/13/2019,0.344704,0.345083,0.325289,0.332179,0.332179,1076509239
7/14/2019,0.332685,0.334864,0.305326,0.306426,0.306426,1365358144
7/15/2019,0.306575,0.321783,0.298669,0.31531,0.31531,1638295919
7/16/2019,0.315186,0.320242,0.291294,0.296726,0.296726,1527503243
7/17/2019,0.296762,0.322181,0.29455,0.310613,0.310613,2478342585
7/18/2019,0.310748,0.326506,0.306624,0.323176,0.323176,1460358426
7/19/2019,0.322964,0.324509,0.314147,0.320605,0.320605,1181194676
7/20/2019,0.32049,0.340477,0.320079,0.333209,0.333209,1288327249
7/21/2019,0.333682,0.33587,0.323308,0.331309,0.331309,1045044900
7/22/2019,0.331368,0.33167,0.318133,0.322106,0.322106,1079720970
7/23/2019,0.322267,0.322349,0.307652,0.309926,0.309926,1015322888
7/24/2019,0.309885,0.316471,0.305276,0.315947,0.315947,1222619064
7/25/2019,0.315859,0.321363,0.313881,0.31481,0.31481,1086214216
7/26/2019,0.31474,0.324508,0.30972,0.32353,0.32353,1039753781
7/27/2019,0.323512,0.326285,0.307301,0.310528,0.310528,1163969614
7/28/2019,0.310631,0.312774,0.30411,0.312288,0.312288,846655034
7/29/2019,0.311996,0.313812,0.30802,0.310658,0.310658,807093679
7/30/2019,0.31109,0.320407,0.307865,0.31847,0.31847,928714010
7/31/2019,0.317887,0.322465,0.317244,0.320909,0.320909,996700948
8/1/2019,0.320734,0.320851,0.313134,0.317906,0.317906,882867288
8/2/2019,0.317809,0.318876,0.310844,0.312394,0.312394,816728848
8/3/2019,0.312506,0.319651,0.311696,0.316757,0.316757,789419360
8/4/2019,0.316862,0.322925,0.312325,0.319842,0.319842,926896287
8/5/2019,0.319723,0.331414,0.31941,0.323564,0.323564,1203381139
8/6/2019,0.324018,0.324946,0.308895,0.311326,0.311326,1069603911
8/7/2019,0.311492,0.315573,0.30872,0.311969,0.311969,967534123
8/8/2019,0.311785,0.312618,0.305112,0.307661,0.307661,907305889
8/9/2019,0.307567,0.308218,0.293271,0.297343,0.297343,1021136188
8/10/2019,0.297245,0.304747,0.293443,0.298721,0.298721,1077459339
8/11/2019,0.298566,0.306181,0.296911,0.301915,0.301915,838671654
8/12/2019,0.302169,0.303528,0.298506,0.300322,0.300322,762308356
8/13/2019,0.300661,0.301178,0.293562,0.296639,0.296639,853175560
8/14/2019,0.296719,0.29722,0.25239,0.263343,0.263343,1794754610
8/15/2019,0.263707,0.268241,0.256112,0.264882,0.264882,1342788578
8/16/2019,0.265075,0.265452,0.256977,0.261971,0.261971,1133224404
8/17/2019,0.261885,0.268046,0.259252,0.265721,0.265721,1004931822
8/18/2019,0.265714,0.288718,0.263579,0.282646,0.282646,1216547019
8/19/2019,0.28229,0.289091,0.278425,0.283328,0.283328,1241578947
8/20/2019,0.283159,0.283241,0.273442,0.275806,0.275806,1056822925
8/21/2019,0.275765,0.275765,0.260688,0.266261,0.266261,1164536124
8/22/2019,0.265802,0.273342,0.261967,0.270944,0.270944,1065712731
8/23/2019,0.270575,0.277568,0.26856,0.276545,0.276545,999419343
8/24/2019,0.276543,0.276543,0.267527,0.272553,0.272553,934380519
8/25/2019,0.272612,0.274924,0.267954,0.270088,0.270088,964693737
8/26/2019,0.269946,0.277432,0.268575,0.270788,0.270788,1332395984
8/27/2019,0.270899,0.271042,0.266216,0.269618,0.269618,1028940804
8/28/2019,0.269583,0.270293,0.252948,0.25745,0.25745,1275267910
8/29/2019,0.257461,0.261091,0.249951,0.257045,0.257045,1279995807
8/30/2019,0.256951,0.257325,0.252734,0.256218,0.256218,997071647
8/31/2019,0.256195,0.260507,0.255454,0.259204,0.259204,845142390
9/1/2019,0.259171,0.259659,0.254306,0.258054,0.258054,825579908
9/2/2019,0.258064,0.262465,0.254383,0.26082,0.26082,1044772829
9/3/2019,0.260838,0.265279,0.258163,0.263139,0.263139,1162545093
9/4/2019,0.263185,0.263185,0.258212,0.259905,0.259905,1068332805
9/5/2019,0.259912,0.260707,0.25496,0.256346,0.256346,1050490375
9/6/2019,0.256269,0.259332,0.250805,0.25234,0.25234,1063044201
9/7/2019,0.252411,0.262488,0.251273,0.260687,0.260687,962765309
9/8/2019,0.260777,0.264973,0.25927,0.263084,0.263084,1043077809
9/9/2019,0.263247,0.263694,0.257643,0.259562,0.259562,1157441363
9/10/2019,0.25969,0.263649,0.256105,0.258671,0.258671,975503111
9/11/2019,0.258692,0.259832,0.253401,0.255956,0.255956,992565704
9/12/2019,0.255973,0.257015,0.252555,0.254811,0.254811,974717877
9/13/2019,0.254795,0.256326,0.253137,0.255551,0.255551,869481607
9/14/2019,0.255485,0.264492,0.254848,0.261167,0.261167,1005057194
9/15/2019,0.26117,0.264858,0.259714,0.261628,0.261628,859761210
9/16/2019,0.261574,0.263923,0.259181,0.260952,0.260952,878264190
9/17/2019,0.260862,0.294556,0.260308,0.285013,0.285013,1981364786
9/18/2019,0.284163,0.322034,0.283921,0.313776,0.313776,2548478917
9/19/2019,0.31374,0.313814,0.287051,0.302441,0.302441,2314376584
9/20/2019,0.302455,0.302455,0.288729,0.29447,0.29447,1558069366
9/21/2019,0.294456,0.297573,0.287775,0.289443,0.289443,1266771269
9/22/2019,0.28946,0.289673,0.274316,0.278931,0.278931,1242282758
9/23/2019,0.278602,0.286114,0.268575,0.268675,0.268675,1484938724
9/24/2019,0.268686,0.272868,0.227052,0.235226,0.235226,2114210733
9/25/2019,0.235483,0.248962,0.234906,0.246441,0.246441,1800796894
9/26/2019,0.246448,0.250457,0.234037,0.243784,0.243784,1387714462
9/27/2019,0.243712,0.246306,0.236745,0.244021,0.244021,1277746422
9/28/2019,0.244023,0.245047,0.240754,0.242571,0.242571,978211509
9/29/2019,0.242592,0.243348,0.237544,0.241388,0.241388,931369885
9/30/2019,0.241383,0.260146,0.23832,0.255933,0.255933,1662002377
10/1/2019,0.256213,0.260526,0.247843,0.249565,0.249565,1319433697
10/2/2019,0.249618,0.254884,0.246791,0.253539,0.253539,1093145013
10/3/2019,0.253457,0.253503,0.244366,0.24786,0.24786,1043933395
10/4/2019,0.247924,0.256247,0.247425,0.253935,0.253935,1078860456
10/5/2019,0.253608,0.256505,0.249384,0.253457,0.253457,944304199
10/6/2019,0.253434,0.257705,0.252341,0.257705,0.257705,965338466
10/7/2019,0.25757,0.279092,0.255627,0.275685,0.275685,1938984643
10/8/2019,0.275829,0.283569,0.271744,0.278459,0.278459,1518125769
10/9/2019,0.278392,0.283725,0.274915,0.281627,0.281627,1579225264
10/10/2019,0.281551,0.281551,0.268893,0.272073,0.272073,1383555182
10/11/2019,0.272109,0.275936,0.268589,0.271099,0.271099,1265760690
10/12/2019,0.271115,0.27896,0.271074,0.273191,0.273191,1100066310
10/13/2019,0.273129,0.281705,0.272383,0.277765,0.277765,1176911158
10/14/2019,0.277626,0.29659,0.276666,0.296523,0.296523,1685629956
10/15/2019,0.296438,0.298265,0.284174,0.288702,0.288702,1686563830
10/16/2019,0.288895,0.292086,0.280962,0.28464,0.28464,1626378642
10/17/2019,0.284556,0.302481,0.282608,0.302315,0.302315,1807694164
10/18/2019,0.30234,0.30234,0.286964,0.295005,0.295005,1809664285
10/19/2019,0.294852,0.299229,0.289901,0.293022,0.293022,1768492071
10/20/2019,0.293042,0.297051,0.285773,0.294179,0.294179,1804228003
10/21/2019,0.294265,0.29472,0.289768,0.292979,0.292979,1609355490
10/22/2019,0.293019,0.301484,0.291104,0.291607,0.291607,1632212674
10/23/2019,0.291556,0.292737,0.260083,0.274143,0.274143,2172985938
10/24/2019,0.274101,0.281281,0.269274,0.278491,0.278491,1638078551
10/25/2019,0.278607,0.299947,0.27724,0.298165,0.298165,2486979029
10/26/2019,0.298039,0.31029,0.286818,0.293699,0.293699,3122465894
10/27/2019,0.293886,0.301481,0.289935,0.2981,0.2981,2237941946
10/28/2019,0.298143,0.302837,0.293587,0.296007,0.296007,2061536473
10/29/2019,0.295991,0.307984,0.295357,0.301956,0.301956,2125813360
10/30/2019,0.301913,0.30518,0.292403,0.296555,0.296555,1883224296
10/31/2019,0.296527,0.302379,0.290938,0.296358,0.296358,1666132252
11/1/2019,0.296389,0.296487,0.288932,0.292642,0.292642,1572251058
11/2/2019,0.292688,0.299039,0.292539,0.296263,0.296263,1460243469
11/3/2019,0.296272,0.297173,0.288818,0.291261,0.291261,1381510371
11/4/2019,0.291236,0.299949,0.290893,0.299937,0.299937,1647597869
11/5/2019,0.299906,0.304524,0.297917,0.301255,0.301255,1964177330
11/6/2019,0.301103,0.311605,0.298735,0.310086,0.310086,1790567871
11/7/2019,0.310175,0.313278,0.283395,0.292431,0.292431,2430065390
11/8/2019,0.292438,0.292612,0.274005,0.276953,0.276953,2026687432
11/9/2019,0.276863,0.282471,0.276328,0.280196,0.280196,1449652131
11/10/2019,0.280273,0.283117,0.276669,0.280204,0.280204,1557437413
11/11/2019,0.280164,0.281727,0.272008,0.275086,0.275086,1437677669
11/12/2019,0.275179,0.277042,0.270781,0.272418,0.272418,1404766289
11/13/2019,0.272379,0.275665,0.271303,0.273036,0.273036,1278922350
11/14/2019,0.272903,0.273868,0.268069,0.270391,0.270391,1264478184
11/15/2019,0.270463,0.271049,0.259878,0.261654,0.261654,1548251349
11/16/2019,0.261694,0.265443,0.260609,0.263886,0.263886,1195333401
11/17/2019,0.264009,0.269385,0.262832,0.265253,0.265253,1273573229
11/18/2019,0.265137,0.265514,0.249842,0.255653,0.255653,1452996115
11/19/2019,0.255646,0.258563,0.246971,0.2565,0.2565,1420685334
11/20/2019,0.256545,0.259139,0.250331,0.251364,0.251364,1319069498
11/21/2019,0.251316,0.253512,0.240784,0.243766,0.243766,1586333624
11/22/2019,0.243775,0.246417,0.225687,0.2316,0.2316,2012230945
11/23/2019,0.231574,0.236188,0.227707,0.236188,0.236188,1480512363
11/24/2019,0.236227,0.236373,0.223184,0.223184,0.223184,2932397174
11/25/2019,0.222832,0.225923,0.207013,0.218622,0.218622,9415068271
11/26/2019,0.218464,0.223212,0.214957,0.222145,0.222145,1322723640
11/27/2019,0.221845,0.228498,0.216199,0.225081,0.225081,1608881984
11/28/2019,0.225221,0.231131,0.224198,0.22457,0.22457,1244175231
11/29/2019,0.224623,0.231636,0.224129,0.230217,0.230217,1325761774
11/30/2019,0.230232,0.233615,0.224546,0.226474,0.226474,1160032624
12/1/2019,0.226466,0.226525,0.220253,0.225333,0.225333,1176237060
12/2/2019,0.225386,0.227203,0.217283,0.219581,0.219581,1187513777
12/3/2019,0.219516,0.223179,0.216675,0.21987,0.21987,1017648495
12/4/2019,0.219824,0.22177,0.212603,0.216348,0.216348,1427312577
12/5/2019,0.216249,0.226575,0.213965,0.222928,0.222928,1424294121
12/6/2019,0.222959,0.225858,0.220785,0.225505,0.225505,1253702621
12/7/2019,0.225492,0.228891,0.22539,0.228445,0.228445,1073561928
12/8/2019,0.228453,0.233737,0.22626,0.230435,0.230435,1117646358
12/9/2019,0.230433,0.231324,0.223183,0.225452,0.225452,1241659373
12/10/2019,0.225439,0.226251,0.221276,0.224302,0.224302,1191690782
12/11/2019,0.224241,0.224742,0.22129,0.222053,0.222053,1072062152
12/12/2019,0.222013,0.222692,0.218963,0.219859,0.219859,1287697362
12/13/2019,0.219827,0.221007,0.21693,0.220755,0.220755,1252707498
12/14/2019,0.220748,0.221742,0.216795,0.217356,0.217356,1078990952
12/15/2019,0.217573,0.220074,0.211347,0.218601,0.218601,1171149673
12/16/2019,0.218647,0.218908,0.206862,0.207225,0.207225,1486338425
12/17/2019,0.207189,0.207659,0.180494,0.183699,0.183699,2059426123
12/18/2019,0.184613,0.197512,0.178485,0.196176,0.196176,2136022808
12/19/2019,0.196289,0.197257,0.185322,0.190819,0.190819,1588179338
12/20/2019,0.1909,0.197967,0.186777,0.195316,0.195316,1765470385
12/21/2019,0.19534,0.196173,0.190614,0.194082,0.194082,1208597753
12/22/2019,0.193999,0.19737,0.192513,0.196978,0.196978,1261599021
12/23/2019,0.196958,0.198134,0.189891,0.190943,0.190943,1402992086
12/24/2019,0.190992,0.196885,0.189908,0.192198,0.192198,1255576963
12/25/2019,0.192288,0.192622,0.188474,0.190719,0.190719,1140140919
12/26/2019,0.190555,0.192518,0.188141,0.190394,0.190394,1177534639
12/27/2019,0.190403,0.192708,0.188502,0.191102,0.191102,1151157499
12/28/2019,0.191063,0.195286,0.190974,0.193222,0.193222,1168758140
12/29/2019,0.193116,0.198972,0.192524,0.197051,0.197051,1176573822
12/30/2019,0.197063,0.198716,0.193685,0.194474,0.194474,1247499610
12/31/2019,0.194518,0.194878,0.189969,0.192894,0.192894,1116761075
1/1/2020,0.192912,0.194362,0.192107,0.192667,0.192667,1041134003
1/2/2020,0.192708,0.192896,0.186947,0.188043,0.188043,1085351426
1/3/2020,0.187948,0.19407,0.185846,0.193521,0.193521,1270017043
1/4/2020,0.193521,0.194653,0.191835,0.194355,0.194355,999331594
1/5/2020,0.194367,0.199223,0.193884,0.195537,0.195537,1168067557
1/6/2020,0.195536,0.223832,0.195068,0.22151,0.22151,2301679290
1/7/2020,0.221576,0.223386,0.209047,0.213917,0.213917,2237698314
1/8/2020,0.213834,0.216704,0.205214,0.209026,0.209026,1782128652
1/9/2020,0.20911,0.209142,0.202589,0.204899,0.204899,1341130889
1/10/2020,0.204908,0.212403,0.20182,0.212306,0.212306,1693646276
1/11/2020,0.212097,0.218971,0.210054,0.211851,0.211851,1655817070
1/12/2020,0.212151,0.216371,0.211533,0.215633,0.215633,1496128430
1/13/2020,0.215624,0.215687,0.210601,0.212617,0.212617,1321442559
1/14/2020,0.212528,0.241832,0.212379,0.234687,0.234687,2639844916
1/15/2020,0.234504,0.240997,0.22792,0.232895,0.232895,2590278224
1/16/2020,0.232881,0.233568,0.224055,0.228574,0.228574,2066952513
1/17/2020,0.228725,0.243156,0.226576,0.238776,0.238776,2418043081
1/18/2020,0.23888,0.251187,0.233148,0.243286,0.243286,2391157804
1/19/2020,0.243367,0.249569,0.229278,0.235585,0.235585,2211717302
1/20/2020,0.235384,0.235748,0.225986,0.233296,0.233296,1723535818
1/21/2020,0.23334,0.240264,0.231539,0.237166,0.237166,1701652845
1/22/2020,0.237263,0.238689,0.234236,0.236056,0.236056,1517150861
1/23/2020,0.236173,0.236284,0.223069,0.226104,0.226104,1600294983
1/24/2020,0.226201,0.226314,0.215389,0.223041,0.223041,1706347379
1/25/2020,0.223049,0.22315,0.217737,0.220427,0.220427,1373179560
1/26/2020,0.220345,0.231344,0.219327,0.230686,0.230686,1583964764
1/27/2020,0.230532,0.234634,0.226982,0.231222,0.231222,1722593699
1/28/2020,0.231206,0.239931,0.230945,0.238488,0.238488,2052700894
1/29/2020,0.238691,0.241267,0.235322,0.23573,0.23573,1883265674
1/30/2020,0.235607,0.245961,0.231997,0.243642,0.243642,2125017678
1/31/2020,0.243618,0.244273,0.234905,0.239233,0.239233,1892170752
2/1/2020,0.239191,0.242612,0.237781,0.241455,0.241455,1592451417
2/2/2020,0.241321,0.259259,0.237002,0.250734,0.250734,2477130012
2/3/2020,0.25057,0.25637,0.248154,0.254627,0.254627,2156814065
2/4/2020,0.254557,0.269576,0.24882,0.266808,0.266808,2900951896
2/5/2020,0.266692,0.281039,0.266692,0.277468,0.277468,3332447611
2/6/2020,0.277542,0.285939,0.273494,0.282214,0.282214,3079150333
2/7/2020,0.282205,0.28652,0.277846,0.279284,0.279284,2372731517
2/8/2020,0.278878,0.280484,0.267578,0.277243,0.277243,2380993304
2/9/2020,0.277097,0.287235,0.276444,0.282457,0.282457,2343599758
2/10/2020,0.282486,0.283315,0.270231,0.27408,0.27408,2403459577
2/11/2020,0.273902,0.280746,0.267881,0.280141,0.280141,2383677083
2/12/2020,0.280272,0.307491,0.279948,0.304393,0.304393,4092541037
2/13/2020,0.304195,0.336142,0.303622,0.326706,0.326706,6473779289
2/14/2020,0.326363,0.337553,0.314526,0.334822,0.334822,4476902769
2/15/2020,0.335119,0.343972,0.302184,0.306236,0.306236,4282439063
2/16/2020,0.307265,0.318187,0.278036,0.295034,0.295034,4025339058
2/17/2020,0.294629,0.295218,0.271382,0.286572,0.286572,3690067847
2/18/2020,0.28701,0.300062,0.278746,0.297913,0.297913,3719318846
2/19/2020,0.297884,0.303685,0.277602,0.277602,0.277602,3096501889
2/20/2020,0.277138,0.281537,0.26733,0.272396,0.272396,3138024579
2/21/2020,0.272299,0.2779,0.270703,0.274938,0.274938,2626495845
2/22/2020,0.275345,0.276968,0.272305,0.275901,0.275901,2190665842
2/23/2020,0.275939,0.282868,0.275613,0.282711,0.282711,2313819448
2/24/2020,0.28259,0.283189,0.266478,0.270627,0.270627,2472100400
2/25/2020,0.270541,0.270824,0.253051,0.253412,0.253412,2590099692
2/26/2020,0.253371,0.25502,0.229383,0.230851,0.230851,3273784862
2/27/2020,0.231092,0.24619,0.226173,0.237116,0.237116,2775673347
2/28/2020,0.237111,0.243244,0.230776,0.236296,0.236296,2468502732
2/29/2020,0.236521,0.241962,0.231193,0.231193,0.231193,2061348763
3/1/2020,0.231105,0.235818,0.225707,0.228846,0.228846,2086828072
3/2/2020,0.228935,0.240349,0.227327,0.238747,0.238747,2466061224
3/3/2020,0.238669,0.238753,0.23199,0.234381,0.234381,2524293730
3/4/2020,0.234545,0.237961,0.231826,0.23453,0.23453,2280839542
3/5/2020,0.234555,0.24287,0.234555,0.239582,0.239582,2299594699
3/6/2020,0.23949,0.24592,0.239113,0.244088,0.244088,2423236344
3/7/2020,0.24397,0.244635,0.237024,0.237071,0.237071,2109420975
3/8/2020,0.23711,0.23711,0.206826,0.206904,0.206904,2627253062
3/9/2020,0.206683,0.211439,0.200741,0.209181,0.209181,2796925948
3/10/2020,0.209721,0.215253,0.206584,0.212235,0.212235,2317233373
3/11/2020,0.212293,0.213445,0.201465,0.208096,0.208096,2130165442
3/12/2020,0.208205,0.209124,0.139635,0.139635,0.139635,3547958418
3/13/2020,0.140524,0.164772,0.115093,0.159352,0.159352,5160523077
3/14/2020,0.15924,0.160035,0.145685,0.147292,0.147292,2310448365
3/15/2020,0.147293,0.16215,0.146127,0.153902,0.153902,2197842519
3/16/2020,0.153885,0.153885,0.13322,0.141063,0.141063,2646513874
3/17/2020,0.140982,0.150964,0.140982,0.144524,0.144524,2134494360
3/18/2020,0.144673,0.146911,0.140783,0.1431,0.1431,1964626837
3/19/2020,0.143159,0.170475,0.14313,0.165037,0.165037,2590533670
3/20/2020,0.165092,0.173812,0.149187,0.156868,0.156868,2946481356
3/21/2020,0.156715,0.160544,0.153647,0.158179,0.158179,2068099167
3/22/2020,0.158121,0.161106,0.149621,0.150214,0.150214,1864979798
3/23/2020,0.149929,0.157933,0.14919,0.157419,0.157419,2117431211
3/24/2020,0.157574,0.163493,0.156824,0.162255,0.162255,2155981658
3/25/2020,0.16229,0.163891,0.158634,0.161633,0.161633,2096308696
3/26/2020,0.16168,0.175916,0.160422,0.175019,0.175019,2236102811
3/27/2020,0.175003,0.186385,0.170564,0.176195,0.176195,2849306896
3/28/2020,0.175932,0.179475,0.167561,0.175783,0.175783,2689925753
3/29/2020,0.17568,0.176066,0.163225,0.163829,0.163829,1996124443
3/30/2020,0.163762,0.17417,0.163176,0.172171,0.172171,2131319206
3/31/2020,0.172134,0.177883,0.171549,0.174563,0.174563,2101862050
4/1/2020,0.174315,0.175323,0.169134,0.175323,0.175323,2053108172
4/2/2020,0.17518,0.183321,0.17431,0.17864,0.17864,2352651038
4/3/2020,0.178769,0.182728,0.176886,0.179467,0.179467,2106869711
4/4/2020,0.179612,0.1823,0.178305,0.181732,0.181732,1793826153
4/5/2020,0.181764,0.181996,0.177277,0.179406,0.179406,1660971367
4/6/2020,0.179628,0.195865,0.179359,0.195506,0.195506,2529832372
4/7/2020,0.195686,0.203868,0.191207,0.192093,0.192093,2626151910
4/8/2020,0.192137,0.201275,0.191408,0.200869,0.200869,2091042647
4/9/2020,0.200973,0.201336,0.195926,0.198257,0.198257,1878628668
4/10/2020,0.198156,0.198783,0.183706,0.187464,0.187464,2105282079
4/11/2020,0.187451,0.192394,0.186113,0.188063,0.188063,1847482831
4/12/2020,0.188229,0.193848,0.187617,0.190135,0.190135,2087857417
4/13/2020,0.190533,0.190533,0.181808,0.187732,0.187732,2253497429
4/14/2020,0.187808,0.188985,0.184262,0.185335,0.185335,1889687587
4/15/2020,0.18536,0.189266,0.181155,0.18127,0.18127,1963736221
4/16/2020,0.181254,0.191235,0.177414,0.190104,0.190104,2610251456
4/17/2020,0.190252,0.192006,0.187614,0.190202,0.190202,1887808776
4/18/2020,0.189911,0.195356,0.18982,0.194925,0.194925,1918245143
4/19/2020,0.195004,0.196344,0.190793,0.190859,0.190859,1904866741
4/20/2020,0.190821,0.1949,0.181831,0.18349,0.18349,2364973860
4/21/2020,0.183337,0.185644,0.182762,0.184328,0.184328,1912728846
4/22/2020,0.184175,0.189676,0.18312,0.18797,0.18797,1783803231
4/23/2020,0.187889,0.19479,0.186766,0.191711,0.191711,2271111354
4/24/2020,0.191876,0.196722,0.19171,0.193665,0.193665,1853837706
4/25/2020,0.193685,0.196545,0.19314,0.195054,0.195054,1648491142
4/26/2020,0.195033,0.197215,0.194504,0.196805,0.196805,1692427521
4/27/2020,0.1967,0.199275,0.195437,0.197978,0.197978,1792695610
4/28/2020,0.198046,0.218108,0.196372,0.215484,0.215484,2515531348
4/29/2020,0.215562,0.229627,0.213436,0.227432,0.227432,3041995823
4/30/2020,0.227169,0.235703,0.211577,0.212761,0.212761,3145263527
5/1/2020,0.212858,0.224771,0.212795,0.219248,0.219248,2306876493
5/2/2020,0.219275,0.225606,0.217248,0.223914,0.223914,2170661654
5/3/2020,0.224064,0.22634,0.217737,0.219414,0.219414,2182399826
5/4/2020,0.219451,0.220608,0.210598,0.218963,0.218963,2462194723
5/5/2020,0.21891,0.221752,0.215441,0.216463,0.216463,2104127661
5/6/2020,0.216284,0.222338,0.21521,0.21521,0.21521,2159327467
5/7/2020,0.215492,0.220939,0.21304,0.218917,0.218917,2582702615
5/8/2020,0.218837,0.221909,0.215489,0.219827,0.219827,2460030844
5/9/2020,0.219663,0.224728,0.216803,0.216902,0.216902,2543805062
5/10/2020,0.217133,0.217133,0.190549,0.198176,0.198176,3067472277
5/11/2020,0.198162,0.200186,0.188483,0.194064,0.194064,2470709527
5/12/2020,0.194241,0.199801,0.192729,0.197637,0.197637,2056508741
5/13/2020,0.197561,0.203411,0.196607,0.20148,0.20148,1947109951
5/14/2020,0.201341,0.204586,0.199653,0.203129,0.203129,2154131805
5/15/2020,0.20294,0.203416,0.197301,0.198911,0.198911,2046326382
5/16/2020,0.199081,0.202101,0.197924,0.200032,0.200032,1794850124
5/17/2020,0.200536,0.203872,0.199713,0.201255,0.201255,1752063749
5/18/2020,0.201353,0.206325,0.201024,0.205176,0.205176,1968537517
5/19/2020,0.205251,0.205327,0.201947,0.204028,0.204028,1973351018
5/20/2020,0.203935,0.205628,0.200245,0.201707,0.201707,1933723829
5/21/2020,0.201832,0.202703,0.191448,0.195509,0.195509,1753934487
5/22/2020,0.195535,0.201745,0.193609,0.200343,0.200343,1852264124
5/23/2020,0.200418,0.201769,0.197664,0.198856,0.198856,1459815520
5/24/2020,0.198911,0.201453,0.195403,0.195431,0.195431,1447641496
5/25/2020,0.195285,0.197629,0.192201,0.197327,0.197327,1671594106
5/26/2020,0.197273,0.197611,0.193404,0.193975,0.193975,1585691777
5/27/2020,0.19392,0.198821,0.193764,0.197857,0.197857,1535112977
5/28/2020,0.197924,0.200902,0.195621,0.200595,0.200595,1615654544
5/29/2020,0.200669,0.202827,0.197129,0.198348,0.198348,1477357235
5/30/2020,0.198349,0.206474,0.196925,0.20622,0.20622,1683149544
5/31/2020,0.206236,0.211519,0.201749,0.202906,0.202906,1737139256
6/1/2020,0.202834,0.210731,0.202112,0.210249,0.210249,1702904267
6/2/2020,0.210182,0.214335,0.200696,0.202764,0.202764,1850078103
6/3/2020,0.202901,0.204478,0.20127,0.203663,0.203663,1335828090
6/4/2020,0.203719,0.206494,0.201864,0.204982,0.204982,1368430496
6/5/2020,0.205044,0.206744,0.202069,0.204092,0.204092,1264429379
6/6/2020,0.204208,0.205002,0.202432,0.203142,0.203142,1048611012
6/7/2020,0.20318,0.204674,0.199672,0.203449,0.203449,1141964765
6/8/2020,0.203426,0.204178,0.201667,0.203771,0.203771,1042709461
6/9/2020,0.203809,0.204555,0.200992,0.202013,0.202013,1108186467
6/10/2020,0.201976,0.203485,0.20059,0.202938,0.202938,1106635421
6/11/2020,0.202916,0.203701,0.18952,0.19018,0.19018,1354031836
6/12/2020,0.190165,0.196277,0.188858,0.193943,0.193943,1157151094
6/13/2020,0.193989,0.194205,0.189932,0.193106,0.193106,1050423848
6/14/2020,0.193179,0.193667,0.191067,0.191617,0.191617,1023497502
6/15/2020,0.191617,0.193752,0.183816,0.193074,0.193074,1315332448
6/16/2020,0.193064,0.19327,0.190029,0.191307,0.191307,1158919075
6/17/2020,0.191496,0.1973,0.190306,0.193443,0.193443,1323161116
6/18/2020,0.193455,0.193457,0.189626,0.190957,0.190957,1045504279
6/19/2020,0.190924,0.191168,0.186534,0.18679,0.18679,1097387856
6/20/2020,0.18679,0.189806,0.186086,0.1885,0.1885,966690908
6/21/2020,0.188468,0.189103,0.185501,0.18561,0.18561,893641269
6/22/2020,0.185665,0.19008,0.185594,0.189272,0.189272,1209278721
6/23/2020,0.189295,0.189973,0.187062,0.18868,0.18868,1093605185
6/24/2020,0.1887,0.190857,0.18305,0.184272,0.184272,1138044691
6/25/2020,0.184076,0.184982,0.180956,0.18357,0.18357,1055030012
6/26/2020,0.183472,0.185867,0.179898,0.182671,0.182671,1269492277
6/27/2020,0.183096,0.185064,0.174489,0.176851,0.176851,1142888783
6/28/2020,0.176872,0.18051,0.175249,0.177692,0.177692,1139431604
6/29/2020,0.177648,0.179559,0.176243,0.177959,0.177959,1164729579
6/30/2020,0.177701,0.178355,0.175005,0.17587,0.17587,1010363683
7/1/2020,0.17575,0.178491,0.174703,0.176976,0.176976,1115989502
7/2/2020,0.177155,0.178338,0.174234,0.177244,0.177244,1053683055
7/3/2020,0.177265,0.178443,0.17513,0.176336,0.176336,976699960
7/4/2020,0.176262,0.179679,0.176196,0.177984,0.177984,1000145449
7/5/2020,0.177914,0.178729,0.17479,0.177017,0.177017,969679447
7/6/2020,0.177017,0.189148,0.176471,0.188567,0.188567,1423923826
7/7/2020,0.188567,0.189005,0.182713,0.184787,0.184787,1067033698
7/8/2020,0.184814,0.205727,0.1842,0.204692,0.204692,1878269321
7/9/2020,0.204598,0.210292,0.19856,0.20291,0.20291,1809158571
7/10/2020,0.202842,0.202842,0.193318,0.198652,0.198652,1161794555
7/11/2020,0.198724,0.20361,0.19864,0.201197,0.201197,996288334
7/12/2020,0.201217,0.203251,0.198361,0.200538,0.200538,850245455
7/13/2020,0.200538,0.205161,0.19594,0.198575,0.198575,1197056593
7/14/2020,0.198495,0.199556,0.195536,0.198809,0.198809,1197284578
7/15/2020,0.198774,0.199623,0.196693,0.197111,0.197111,1067413757
7/16/2020,0.197021,0.197416,0.190181,0.194048,0.194048,1055841762
7/17/2020,0.194051,0.197143,0.191723,0.194281,0.194281,936113620
7/18/2020,0.194349,0.201602,0.193937,0.199341,0.199341,870207693
7/19/2020,0.199404,0.201336,0.196133,0.199135,0.199135,828392852
7/20/2020,0.199142,0.199775,0.193704,0.195065,0.195065,848780531
7/21/2020,0.194871,0.200471,0.194008,0.198988,0.198988,928954951
7/22/2020,0.199029,0.203739,0.196883,0.203342,0.203342,935529987
7/23/2020,0.203331,0.209244,0.201667,0.207578,0.207578,1443659224
7/24/2020,0.207814,0.208013,0.202637,0.204049,0.204049,1294356195
7/25/2020,0.203959,0.216598,0.203757,0.214102,0.214102,1225769666
7/26/2020,0.213994,0.224031,0.212792,0.214982,0.214982,1448138807
7/27/2020,0.214948,0.227415,0.211676,0.223672,0.223672,1762737985
7/28/2020,0.223889,0.233693,0.217894,0.230277,0.230277,1754695828
7/29/2020,0.230148,0.249353,0.230079,0.243099,0.243099,2022835116
7/30/2020,0.243254,0.248586,0.238768,0.244522,0.244522,1650758400
7/31/2020,0.244649,0.259601,0.2422,0.258904,0.258904,1854522560
8/1/2020,0.258904,0.295759,0.255844,0.289529,0.289529,3167874461
8/2/2020,0.289742,0.322561,0.275593,0.287062,0.287062,4780736538
8/3/2020,0.28749,0.318866,0.28519,0.30994,0.30994,3340814994
8/4/2020,0.309935,0.318296,0.29403,0.300493,0.300493,2746437659
8/5/2020,0.300783,0.307874,0.29272,0.303311,0.303311,2048410252
8/6/2020,0.303142,0.310062,0.298339,0.303584,0.303584,1946386689
8/7/2020,0.303464,0.309324,0.287329,0.294664,0.294664,4278382957
8/8/2020,0.294905,0.298728,0.291252,0.294022,0.294022,1355768291
8/9/2020,0.294618,0.298061,0.283924,0.288653,0.288653,1391288259
8/10/2020,0.288569,0.299405,0.288569,0.294659,0.294659,2108627560
8/11/2020,0.294683,0.305783,0.274603,0.284449,0.284449,4542499150
8/12/2020,0.284376,0.289849,0.274191,0.28493,0.28493,2001506679
8/13/2020,0.28493,0.298182,0.274354,0.297807,0.297807,2061442814
8/14/2020,0.297533,0.306374,0.293853,0.300371,0.300371,2246050523
8/15/2020,0.300246,0.304188,0.294891,0.299661,0.299661,2260353636
8/16/2020,0.299767,0.304052,0.294289,0.303492,0.303492,2078824448
8/17/2020,0.303641,0.324403,0.29866,0.314767,0.314767,3001054633
8/18/2020,0.314218,0.320406,0.301843,0.303307,0.303307,2126503478
8/19/2020,0.303513,0.30554,0.282474,0.290246,0.290246,2163768928
8/20/2020,0.290301,0.294099,0.286078,0.292573,0.292573,1749934412
8/21/2020,0.292468,0.295518,0.280258,0.280682,0.280682,1833818566
8/22/2020,0.280635,0.286546,0.275896,0.286546,0.286546,1417207522
8/23/2020,0.286358,0.287276,0.278829,0.285386,0.285386,1183627267
8/24/2020,0.285278,0.291312,0.283117,0.289215,0.289215,1237229520
8/25/2020,0.289044,0.289571,0.273311,0.277927,0.277927,1403395912
8/26/2020,0.277693,0.280136,0.274876,0.277491,0.277491,1194610015
8/27/2020,0.27736,0.278688,0.257513,0.264511,0.264511,1471948899
8/28/2020,0.264658,0.273302,0.261309,0.272046,0.272046,1178427813
8/29/2020,0.272009,0.276839,0.269447,0.274497,0.274497,1053592719
8/30/2020,0.274568,0.283597,0.274357,0.283034,0.283034,1202203314
8/31/2020,0.283065,0.284512,0.278658,0.281766,0.281766,1209798563
9/1/2020,0.281612,0.298213,0.278456,0.295696,0.295696,1730740377
9/2/2020,0.295612,0.303214,0.269151,0.276461,0.276461,1985414445
9/3/2020,0.276636,0.276726,0.245419,0.24658,0.24658,1847290355
9/4/2020,0.246726,0.266139,0.244301,0.255883,0.255883,1924234480
9/5/2020,0.255808,0.259606,0.233811,0.237692,0.237692,2160621038
9/6/2020,0.237692,0.243732,0.231323,0.240731,0.240731,1752405005
9/7/2020,0.240812,0.243432,0.231285,0.242174,0.242174,1773175897
9/8/2020,0.242029,0.243872,0.232833,0.236753,0.236753,1618416970
9/9/2020,0.236723,0.243213,0.234273,0.239609,0.239609,1203137131
9/10/2020,0.239689,0.249185,0.23957,0.24353,0.24353,1353359148
9/11/2020,0.24353,0.244815,0.23752,0.243292,0.243292,1096662166
9/12/2020,0.243055,0.248752,0.24182,0.247814,0.247814,1043746083
9/13/2020,0.247814,0.253136,0.238857,0.241801,0.241801,1163182194
9/14/2020,0.241804,0.249822,0.240322,0.246327,0.246327,1195994290
9/15/2020,0.246265,0.249245,0.243392,0.24385,0.24385,1245531094
9/16/2020,0.24401,0.250974,0.236727,0.247847,0.247847,1421286455
9/17/2020,0.247743,0.25819,0.247218,0.252194,0.252194,1735400721
9/18/2020,0.252284,0.255716,0.247091,0.250707,0.250707,1282349756
9/19/2020,0.25053,0.254101,0.248359,0.251716,0.251716,1043485055
9/20/2020,0.251663,0.251663,0.243716,0.246743,0.246743,1091283585
9/21/2020,0.246818,0.24811,0.230479,0.232138,0.232138,1718957623
9/22/2020,0.231848,0.234743,0.230237,0.233417,0.233417,1019583831
9/23/2020,0.233287,0.235041,0.22113,0.221221,0.221221,1646803535
9/24/2020,0.221675,0.233687,0.220331,0.232905,0.232905,1937069766
9/25/2020,0.232928,0.244329,0.230322,0.241922,0.241922,1770527280
9/26/2020,0.241852,0.245553,0.238702,0.24216,0.24216,1589059311
9/27/2020,0.241792,0.244359,0.238526,0.242755,0.242755,1388129507
9/28/2020,0.243334,0.247687,0.241593,0.241862,0.241862,1722817156
9/29/2020,0.241269,0.246552,0.239038,0.243177,0.243177,1630882291
9/30/2020,0.24307,0.24307,0.238854,0.241784,0.241784,1571088310
10/1/2020,0.241969,0.244645,0.234942,0.238249,0.238249,1725071846
10/2/2020,0.238297,0.239306,0.229823,0.234117,0.234117,1849001296
10/3/2020,0.234161,0.234972,0.232938,0.232938,0.232938,1261839176
10/4/2020,0.233072,0.250138,0.23221,0.247685,0.247685,1885456462
10/5/2020,0.24819,0.253691,0.247091,0.250816,0.250816,2159900755
10/6/2020,0.250834,0.258777,0.242357,0.245341,0.245341,3068832281
10/7/2020,0.245435,0.251211,0.241714,0.248539,0.248539,1894313447
10/8/2020,0.248887,0.252821,0.242914,0.251454,0.251454,1984994731
10/9/2020,0.251449,0.256678,0.24998,0.253491,0.253491,2104833281
10/10/2020,0.253227,0.259773,0.253144,0.25429,0.25429,1957706164
10/11/2020,0.254201,0.258189,0.253823,0.255719,0.255719,1851962086
10/12/2020,0.255668,0.258219,0.250172,0.256446,0.256446,2117892928
10/13/2020,0.256351,0.260049,0.253335,0.256323,0.256323,2098212018
10/14/2020,0.256727,0.258393,0.246683,0.249448,0.249448,1954936434
10/15/2020,0.249406,0.250278,0.244011,0.24594,0.24594,1652788747
10/16/2020,0.246058,0.24759,0.2385,0.240443,0.240443,1656312547
10/17/2020,0.240541,0.242719,0.239218,0.240931,0.240931,1173505925
10/18/2020,0.24085,0.243419,0.240571,0.242225,0.242225,1238720802
10/19/2020,0.242308,0.249471,0.240497,0.245964,0.245964,1435700560
10/20/2020,0.245927,0.2494,0.242562,0.243573,0.243573,1526376279
10/21/2020,0.243485,0.255227,0.243179,0.251615,0.251615,2306399543
10/22/2020,0.251335,0.263463,0.251233,0.256807,0.256807,2827483708
10/23/2020,0.257326,0.259306,0.250713,0.254879,0.254879,2125734863
10/24/2020,0.254879,0.257645,0.252832,0.256431,0.256431,1590424952
10/25/2020,0.256431,0.257147,0.251745,0.253213,0.253213,1484930709
10/26/2020,0.253213,0.258408,0.244082,0.248688,0.248688,2390566065
10/27/2020,0.248688,0.253874,0.248097,0.252899,0.252899,2273574015
10/28/2020,0.2529,0.256393,0.244608,0.245865,0.245865,2375598739
10/29/2020,0.245865,0.246996,0.240312,0.242295,0.242295,5451698743
10/30/2020,0.242292,0.244,0.232828,0.239184,0.239184,2364402263
10/31/2020,0.239188,0.243219,0.237749,0.239744,0.239744,2100764094
